
/*Data for the table `menu` */
INSERT INTO `menu`(`id`,`deleted`,`create_time`,`display`,`icon`,`idx`,`name`,`type`,`url`,`parentId`) VALUES ( 1,b'0','2016-09-20 17:19:17','','&#xe60d;',1,'网站设置',0,'',NULL);
INSERT INTO `menu`(`id`,`deleted`,`create_time`,`display`,`icon`,`idx`,`name`,`type`,`url`,`parentId`) VALUES ( 2,b'0','2016-09-20 17:19:18','','&#xe601;',2,'用户管理',0,'',NULL);
INSERT INTO `menu`(`id`,`deleted`,`create_time`,`display`,`icon`,`idx`,`name`,`type`,`url`,`parentId`) VALUES ( 3,b'0','2016-09-20 17:19:18','','&#xe600;',3,'课程管理',0,'',NULL);
INSERT INTO `menu`(`id`,`deleted`,`create_time`,`display`,`icon`,`idx`,`name`,`type`,`url`,`parentId`) VALUES ( 4,b'0','2016-09-20 17:19:18','','&#xe603;',4,'课表管理',0,'',NULL);
INSERT INTO `menu`(`id`,`deleted`,`create_time`,`display`,`icon`,`idx`,`name`,`type`,`url`,`parentId`) VALUES ( 5,b'0','2016-09-20 17:19:18','','&#xe604;',5,'学科管理',0,'',NULL);
INSERT INTO `menu`(`id`,`deleted`,`create_time`,`display`,`icon`,`idx`,`name`,`type`,`url`,`parentId`) VALUES ( 6,b'0','2016-09-20 17:19:18','','&#xe602;',6,'设备管理',0,'',NULL);
INSERT INTO `menu`(`id`,`deleted`,`create_time`,`display`,`icon`,`idx`,`name`,`type`,`url`,`parentId`) VALUES ( 7,b'0','2016-09-20 17:19:18','','&#xe60d;',7,'流媒体设置',0,'',NULL);
INSERT INTO `menu`(`id`,`deleted`,`create_time`,`display`,`icon`,`idx`,`name`,`type`,`url`,`parentId`) VALUES ( 8,b'0','2016-09-20 17:19:18','','',1,'基本设置',0,'systeminfo',1);
INSERT INTO `menu`(`id`,`deleted`,`create_time`,`display`,`icon`,`idx`,`name`,`type`,`url`,`parentId`) VALUES ( 9,b'0','2016-09-20 17:19:18','','',3,'导航菜单',0,'listnavigation',1);
INSERT INTO `menu`(`id`,`deleted`,`create_time`,`display`,`icon`,`idx`,`name`,`type`,`url`,`parentId`) VALUES (10,b'0','2016-09-20 17:19:18','','',3,'友情链接',0,'listblogroll',1);
INSERT INTO `menu`(`id`,`deleted`,`create_time`,`display`,`icon`,`idx`,`name`,`type`,`url`,`parentId`) VALUES (11,b'0','2016-09-20 17:19:18','','',2,'热点管理',0,'listhotspot',1);
INSERT INTO `menu`(`id`,`deleted`,`create_time`,`display`,`icon`,`idx`,`name`,`type`,`url`,`parentId`) VALUES (12,b'0','2016-09-20 17:19:18','','',1,'权限管理',0,'listpermission',2);
INSERT INTO `menu`(`id`,`deleted`,`create_time`,`display`,`icon`,`idx`,`name`,`type`,`url`,`parentId`) VALUES (13,b'0','2016-09-20 17:19:18','','',2,'角色管理',0,'listrole',2);
INSERT INTO `menu`(`id`,`deleted`,`create_time`,`display`,`icon`,`idx`,`name`,`type`,`url`,`parentId`) VALUES (14,b'0','2016-09-20 17:19:18','','',4,'用户组管理',0,'listgroup',2);
INSERT INTO `menu`(`id`,`deleted`,`create_time`,`display`,`icon`,`idx`,`name`,`type`,`url`,`parentId`) VALUES (15,b'0','2016-09-20 17:19:18','','',5,'用户管理',0,'listuser',2);
INSERT INTO `menu`(`id`,`deleted`,`create_time`,`display`,`icon`,`idx`,`name`,`type`,`url`,`parentId`) VALUES (16,b'0','2016-09-20 17:19:18','','',1,'课程分类',0,'listcategory',3);
INSERT INTO `menu`(`id`,`deleted`,`create_time`,`display`,`icon`,`idx`,`name`,`type`,`url`,`parentId`) VALUES (17,b'0','2016-09-20 17:19:18','','',2,'课程管理',0,'listcourse',3);
INSERT INTO `menu`(`id`,`deleted`,`create_time`,`display`,`icon`,`idx`,`name`,`type`,`url`,`parentId`) VALUES (18,b'0','2016-09-20 17:19:18','','',3,'视频管理',0,'listvideo',3);
INSERT INTO `menu`(`id`,`deleted`,`create_time`,`display`,`icon`,`idx`,`name`,`type`,`url`,`parentId`) VALUES (19,b'0','2016-09-20 17:19:18','','',4,'直播管理',0,'listlive',3);
INSERT INTO `menu`(`id`,`deleted`,`create_time`,`display`,`icon`,`idx`,`name`,`type`,`url`,`parentId`) VALUES (20,b'0','2016-09-20 17:19:18','','',1,'录播教室',0,'listclassroom',6);
INSERT INTO `menu`(`id`,`deleted`,`create_time`,`display`,`icon`,`idx`,`name`,`type`,`url`,`parentId`) VALUES (21,b'0','2016-09-20 17:19:18','','',2,'录播设备',0,'listrbdevice',6);
INSERT INTO `menu`(`id`,`deleted`,`create_time`,`display`,`icon`,`idx`,`name`,`type`,`url`,`parentId`) VALUES (22,b'0','2016-09-20 17:19:18','','',1,'服务器设置',0,'mediaserver',7);
INSERT INTO `menu`(`id`,`deleted`,`create_time`,`display`,`icon`,`idx`,`name`,`type`,`url`,`parentId`) VALUES (23,b'0','2016-09-20 17:19:18','','',2,'播放器设置',0,'mediaplayer',7);

INSERT INTO `menu`(`id`,`deleted`,`create_time`,`display`,`icon`,`idx`,`name`,`type`,`url`,`parentId`) VALUES (50,b'0','2016-09-20 17:19:18','','',0,'直播课程',1,'/touchrnb-lms-web/lives',NULL);
INSERT INTO `menu`(`id`,`deleted`,`create_time`,`display`,`icon`,`idx`,`name`,`type`,`url`,`parentId`) VALUES (51,b'0','2016-09-20 17:19:18','','',1,'点播课程',1,'/touchrnb-lms-web/videos',NULL);
INSERT INTO `menu`(`id`,`deleted`,`create_time`,`display`,`icon`,`idx`,`name`,`type`,`url`,`parentId`) VALUES (52,b'0','2016-09-20 17:19:18','','',2,'专辑课程',1,'/touchrnb-lms-web/courses',NULL);
INSERT INTO `menu`(`id`,`deleted`,`create_time`,`display`,`icon`,`idx`,`name`,`type`,`url`,`parentId`) VALUES (53,b'0','2016-09-20 17:19:18','','',3,'教师风采',1,'/touchrnb-lms-web/teachers',NULL);


/*Data for the table `permissiongroup` */
INSERT INTO `permissiongroup` (`id`, `deleted`, `description`, `name`, `parentId`) VALUES (1,b'0','','系统设置',NULL);
INSERT INTO `permissiongroup` (`id`, `deleted`, `description`, `name`, `parentId`) VALUES (2,b'0','','平台管理',NULL);
INSERT INTO `permissiongroup` (`id`, `deleted`, `description`, `name`, `parentId`) VALUES (3,b'0','','用户管理',NULL);
INSERT INTO `permissiongroup` (`id`, `deleted`, `description`, `name`, `parentId`) VALUES (4,b'0','','角色权限管理',NULL);
INSERT INTO `permissiongroup` (`id`, `deleted`, `description`, `name`, `parentId`) VALUES (5,b'0','','课程管理',NULL);
INSERT INTO `permissiongroup` (`id`, `deleted`, `description`, `name`, `parentId`) VALUES (6,b'0','','评论管理',NULL);
INSERT INTO `permissiongroup` (`id`, `deleted`, `description`, `name`, `parentId`) VALUES (7,b'0','','设备管理',NULL);
INSERT INTO `permissiongroup` (`id`, `deleted`, `description`, `name`, `parentId`) VALUES (8,b'0','','流媒体设置',NULL);


/*Data for the table `permission` */


/*Data for the table `usergroup` */
INSERT INTO `usergroup` (`id`, `deleted`, `description`, `name`, `parentId`) VALUES (1, b'0', '', '在线学习平台', NULL);
INSERT INTO `usergroup` (`id`, `deleted`, `description`, `name`, `parentId`) VALUES (2, b'0', '', '小学', 1);
INSERT INTO `usergroup` (`id`, `deleted`, `description`, `name`, `parentId`) VALUES (3, b'0', '', '初中', 1);
INSERT INTO `usergroup` (`id`, `deleted`, `description`, `name`, `parentId`) VALUES (4, b'0', '', '高中', 1);


/*Data for the table `role` */
INSERT INTO `role` (`id`, `deleted`, `description`, `name`, `title`, `type`) VALUES (1, b'0', '', 'admin', 'Administrator', '0');
INSERT INTO `role` (`id`, `deleted`, `description`, `name`, `title`, `type`) VALUES (2, b'0', '', 'teacher', 'Teacher', '0');
INSERT INTO `role` (`id`, `deleted`, `description`, `name`, `title`, `type`) VALUES (3, b'0', '', 'student', 'Student', '0');


/*Data for the table `user` */
INSERT INTO `user` (`id`, `deleted`, `status`, `email`, `password`, `phone`, `username`) VALUES (1,b'0','NORMAL','admin@touchrnb.com','21232f297a57a5a743894a0e4a801fc3','13088888888','admin');
INSERT INTO `user` (`id`, `deleted`, `status`, `email`, `password`, `phone`, `username`) VALUES (2,b'0','NORMAL','teacher@touchrnb.com','e10adc3949ba59abbe56e057f20f883e','13188888888','teacher');
INSERT INTO `user` (`id`, `deleted`, `status`, `email`, `password`, `phone`, `username`) VALUES (3,b'0','NORMAL','student@touchrnb.com','e10adc3949ba59abbe56e057f20f883e','13288888888','student');


/*Data for the table `user_role` */
INSERT INTO `user_role` (`id`, `deleted`, `roleId`, `userId`) VALUES ('1', b'0', '1', '1');
INSERT INTO `user_role` (`id`, `deleted`, `roleId`, `userId`) VALUES ('2', b'0', '2', '1');
INSERT INTO `user_role` (`id`, `deleted`, `roleId`, `userId`) VALUES ('3', b'0', '2', '2');
INSERT INTO `user_role` (`id`, `deleted`, `roleId`, `userId`) VALUES ('4', b'0', '3', '3');


/*Data for the table `category` */
INSERT  INTO `category`(`id`,`deleted`,`name`,`idx`,`parentId`) VALUES (1,b'0','在线学习平台',1,NULL);
INSERT  INTO `category`(`id`,`deleted`,`name`,`idx`,`parentId`) VALUES (2,b'0','小学',1,1);
INSERT  INTO `category`(`id`,`deleted`,`name`,`idx`,`parentId`) VALUES (3,b'0','初中',2,1);
INSERT  INTO `category`(`id`,`deleted`,`name`,`idx`,`parentId`) VALUES (4,b'0','高中',3,1);


/*Data for the table `attributename` */
INSERT INTO `attributename`(`id`, `deleted`, `idx`, `name`, `categoryId`) VALUES (1,b'0',1,'年级',2);
INSERT INTO `attributename`(`id`, `deleted`, `idx`, `name`, `categoryId`) VALUES (2,b'0',2,'学科',2);
INSERT INTO `attributename`(`id`, `deleted`, `idx`, `name`, `categoryId`) VALUES (3,b'0',1,'年级',3);
INSERT INTO `attributename`(`id`, `deleted`, `idx`, `name`, `categoryId`) VALUES (4,b'0',2,'学科',3);
INSERT INTO `attributename`(`id`, `deleted`, `idx`, `name`, `categoryId`) VALUES (5,b'0',1,'年级',4);
INSERT INTO `attributename`(`id`, `deleted`, `idx`, `name`, `categoryId`) VALUES (6,b'0',2,'学科',4);


/*Data for the table `attributevalue` */
INSERT INTO `attributevalue` (`id`, `deleted`, `idx`, `value`, `attributenameId`) VALUES ( 1,b'0',1,'一年级',1);
INSERT INTO `attributevalue` (`id`, `deleted`, `idx`, `value`, `attributenameId`) VALUES ( 2,b'0',2,'二年级',1);
INSERT INTO `attributevalue` (`id`, `deleted`, `idx`, `value`, `attributenameId`) VALUES ( 3,b'0',3,'三年级',1);
INSERT INTO `attributevalue` (`id`, `deleted`, `idx`, `value`, `attributenameId`) VALUES ( 4,b'0',4,'四年级',1);
INSERT INTO `attributevalue` (`id`, `deleted`, `idx`, `value`, `attributenameId`) VALUES ( 5,b'0',5,'五年级',1);
INSERT INTO `attributevalue` (`id`, `deleted`, `idx`, `value`, `attributenameId`) VALUES ( 6,b'0',6,'六年级',1);
INSERT INTO `attributevalue` (`id`, `deleted`, `idx`, `value`, `attributenameId`) VALUES ( 7,b'0',1,'初一',3);
INSERT INTO `attributevalue` (`id`, `deleted`, `idx`, `value`, `attributenameId`) VALUES ( 8,b'0',2,'初二',3);
INSERT INTO `attributevalue` (`id`, `deleted`, `idx`, `value`, `attributenameId`) VALUES ( 9,b'0',3,'初三',3);
INSERT INTO `attributevalue` (`id`, `deleted`, `idx`, `value`, `attributenameId`) VALUES (10,b'0',1,'高一',5);
INSERT INTO `attributevalue` (`id`, `deleted`, `idx`, `value`, `attributenameId`) VALUES (11,b'0',2,'高二',5);
INSERT INTO `attributevalue` (`id`, `deleted`, `idx`, `value`, `attributenameId`) VALUES (12,b'0',3,'高三',5);
INSERT INTO `attributevalue` (`id`, `deleted`, `idx`, `value`, `attributenameId`) VALUES (13,b'0',1,'语文',2);
INSERT INTO `attributevalue` (`id`, `deleted`, `idx`, `value`, `attributenameId`) VALUES (14,b'0',2,'数学',2);
INSERT INTO `attributevalue` (`id`, `deleted`, `idx`, `value`, `attributenameId`) VALUES (15,b'0',3,'英语',2);
INSERT INTO `attributevalue` (`id`, `deleted`, `idx`, `value`, `attributenameId`) VALUES (16,b'0',1,'语文',4);
INSERT INTO `attributevalue` (`id`, `deleted`, `idx`, `value`, `attributenameId`) VALUES (17,b'0',2,'数学',4);
INSERT INTO `attributevalue` (`id`, `deleted`, `idx`, `value`, `attributenameId`) VALUES (18,b'0',3,'英语',4);
INSERT INTO `attributevalue` (`id`, `deleted`, `idx`, `value`, `attributenameId`) VALUES (19,b'0',4,'历史',4);
INSERT INTO `attributevalue` (`id`, `deleted`, `idx`, `value`, `attributenameId`) VALUES (20,b'0',5,'政治',4);
INSERT INTO `attributevalue` (`id`, `deleted`, `idx`, `value`, `attributenameId`) VALUES (21,b'0',6,'地理',4);
INSERT INTO `attributevalue` (`id`, `deleted`, `idx`, `value`, `attributenameId`) VALUES (22,b'0',7,'物理',4);
INSERT INTO `attributevalue` (`id`, `deleted`, `idx`, `value`, `attributenameId`) VALUES (23,b'0',8,'化学',4);
INSERT INTO `attributevalue` (`id`, `deleted`, `idx`, `value`, `attributenameId`) VALUES (24,b'0',9,'生物',4);
INSERT INTO `attributevalue` (`id`, `deleted`, `idx`, `value`, `attributenameId`) VALUES (25,b'0',1,'语文',6);
INSERT INTO `attributevalue` (`id`, `deleted`, `idx`, `value`, `attributenameId`) VALUES (26,b'0',2,'数学',6);
INSERT INTO `attributevalue` (`id`, `deleted`, `idx`, `value`, `attributenameId`) VALUES (27,b'0',3,'英语',6);
INSERT INTO `attributevalue` (`id`, `deleted`, `idx`, `value`, `attributenameId`) VALUES (28,b'0',4,'历史',6);
INSERT INTO `attributevalue` (`id`, `deleted`, `idx`, `value`, `attributenameId`) VALUES (29,b'0',5,'政治',6);
INSERT INTO `attributevalue` (`id`, `deleted`, `idx`, `value`, `attributenameId`) VALUES (30,b'0',6,'地理',6);
INSERT INTO `attributevalue` (`id`, `deleted`, `idx`, `value`, `attributenameId`) VALUES (31,b'0',7,'物理',6);
INSERT INTO `attributevalue` (`id`, `deleted`, `idx`, `value`, `attributenameId`) VALUES (32,b'0',8,'化学',6);
INSERT INTO `attributevalue` (`id`, `deleted`, `idx`, `value`, `attributenameId`) VALUES (33,b'0',9,'生物',6);
